k_per_nm,state,energy_meV
0,1,16.1585323748
0,2,41.0085564172
0,3,67.0007620782
0,4,140.223152955
0,5,175.474145801
0.005,1,16.1727091842
0.005,2,41.0225484807
0.005,3,67.0148899935
0.005,4,140.236913138
0.005,5,175.487906595
0.01,1,16.215239606
0.01,2,41.0645246547
0.01,3,67.0572737297
0.01,4,140.278193629
0.01,5,175.529188987
0.015,1,16.2861236209
0.015,2,41.1344848901
0.015,3,67.1279132572
0.015,4,140.34699426
0.015,5,175.597993001
0.02,1,16.3853611968
0.02,2,41.2324291047
0.02,3,67.2268085271
0.02,4,140.443314745
0.02,5,175.694318678
0.025,1,16.5129522887
0.025,2,41.3583571839
0.025,3,67.3539594705
0.025,4,140.567154688
0.025,5,175.818166078
0.03,1,16.6688968389
0.03,2,41.5122689798
0.03,3,67.509365999
0.03,4,140.718513577
0.03,5,175.969535276
0.035,1,16.8531947765
0.035,2,41.694164312
0.035,3,67.6930280045
0.035,4,140.89739079
0.035,5,176.148426364
0.04,1,17.065846018
0.04,2,41.9040429672
0.04,3,67.9049453591
0.04,4,141.103785587
0.04,5,176.35483945
0.045,1,17.3068504666
0.045,2,42.1419046988
0.045,3,68.1451179151
0.045,4,141.337697117
0.045,5,176.588774661
0.05,1,17.5762080127
0.05,2,42.4077492278
0.05,3,68.4135455051
0.05,4,141.599124413
0.05,5,176.850232138
0.055,1,17.8739185337
0.055,2,42.7015762419
0.055,3,68.7102279416
0.055,4,141.888066396
0.055,5,177.139212042
0.06,1,18.1999818936
0.06,2,43.0233853958
0.06,3,69.0351650174
0.06,4,142.204521872
0.06,5,177.455714549
0.065,1,18.5543979437
0.065,2,43.3731763113
0.065,3,69.3883565052
0.065,4,142.548489533
0.065,5,177.799739852
0.07,1,18.9371665216
0.07,2,43.750948577
0.07,3,69.7698021575
0.07,4,142.919967955
0.07,5,178.171288164
0.075,1,19.3482874518
0.075,2,44.1567017483
0.075,3,70.1795017068
0.075,4,143.318955601
0.075,5,178.57035971
0.08,1,19.7877605456
0.08,2,44.5904353475
0.08,3,70.6174548653
0.08,4,143.745450818
0.08,5,178.996954738
0.085,1,20.2555856006
0.085,2,45.0521488634
0.085,3,71.0836613248
0.085,4,144.19945184
0.085,5,179.451073509
0.09,1,20.751762401
0.09,2,45.5418417519
0.09,3,71.5781207569
0.09,4,144.680956782
0.09,5,179.932716304
0.095,1,21.2762907174
0.095,2,46.0595134349
0.095,3,72.1008328124
0.095,4,145.189963648
0.095,5,180.441883421
0.1,1,21.8291703065
0.1,2,46.6051633014
0.1,3,72.6517971216
0.1,4,145.726470322
0.1,5,180.978575175
0.105,1,22.4104009115
0.105,2,47.1787907064
0.105,3,73.2310132939
0.105,4,146.290474574
0.105,5,181.542791899
0.11,1,23.0199822612
0.11,2,47.7803949715
0.11,3,73.838480918
0.11,4,146.881974059
0.11,5,182.134533944
0.115,1,23.6579140708
0.115,2,48.4099753845
0.115,3,74.4741995615
0.115,4,147.500966313
0.115,5,182.753801681
0.12,1,24.3241960411
0.12,2,49.0675311994
0.12,3,75.1381687707
0.12,4,148.147448755
0.12,5,183.400595495
0.125,1,25.0188278587
0.125,2,49.7530616363
0.125,3,75.8303880708
0.125,4,148.821418689
0.125,5,184.074915793
0.13,1,25.7418091955
0.13,2,50.4665658812
0.13,3,76.5508569654
0.13,4,149.5228733
0.13,5,184.776762999
0.135,1,26.4931397093
0.135,2,51.2080430862
0.135,3,77.2995749367
0.135,4,150.251809656
0.135,5,185.506137554
0.14,1,27.2728190427
0.14,2,51.977492369
0.14,3,78.0765414447
0.14,4,151.008224705
0.14,5,186.263039921
0.145,1,28.0808468237
0.145,2,52.7749128131
0.145,3,78.8817559277
0.145,4,151.792115279
0.145,5,187.047470579
0.15,1,28.9172226651
0.15,2,53.6003034675
0.15,3,79.715217802
0.15,4,152.603478089
0.15,5,187.859430026
0.155,1,29.7819461646
0.155,2,54.4536633466
0.155,3,80.5769264613
0.155,4,153.442309727
0.155,5,188.698918782
0.16,1,30.6750169046
0.16,2,55.3349914303
0.16,3,81.4668812768
0.16,4,154.308606666
0.16,5,189.565937381
0.165,1,31.5964344516
0.165,2,56.2442866635
0.165,3,82.385081597
0.165,4,155.20236526
0.165,5,190.460486382
0.17,1,32.5461983566
0.17,2,57.1815479564
0.17,3,83.3315267475
0.17,4,156.12358174
0.17,5,191.38256636
0.175,1,33.5243081547
0.175,2,58.146774184
0.175,3,84.3062160307
0.175,4,157.072252217
0.175,5,192.33217791
0.18,1,34.5307633645
0.18,2,59.1399641861
0.18,3,85.3091487254
0.18,4,158.048372682
0.18,5,193.309321647
0.185,1,35.5655634885
0.185,2,60.1611167672
0.185,3,86.3403240869
0.185,4,159.051939003
0.185,5,194.313998207
0.19,1,36.6287080124
0.19,2,61.2102306965
0.19,3,87.3997413468
0.19,4,160.082946926
0.19,5,195.346208245
0.195,1,37.7201964054
0.195,2,62.2873047073
0.195,3,88.4873997121
0.195,4,161.141392075
0.195,5,196.405952436
0.2,1,38.8400281192
0.2,2,63.3923374972
0.2,3,89.6032983657
0.2,4,162.227269951
0.2,5,197.493231476
0.205,1,39.9882025884
0.205,2,64.5253277281
0.205,3,90.7474364656
0.205,4,163.340575929
0.205,5,198.60804608
0.21,1,41.16471923
0.21,2,65.6862740257
0.21,3,91.919813145
0.21,4,164.481305264
0.21,5,199.750396987
0.215,1,42.3695774431
0.215,2,66.8751749793
0.215,3,93.1204275117
0.215,4,165.649453083
0.215,5,200.920284952
0.22,1,43.6027766087
0.22,2,68.092029142
0.22,3,94.3492786478
0.22,4,166.845014391
0.22,5,202.117710755
0.225,1,44.8643160893
0.225,2,69.3368350304
0.225,3,95.6063656099
0.225,4,168.067984066
0.225,5,203.342675194
0.23,1,46.1541952289
0.23,2,70.6095911241
0.23,3,96.8916874278
0.23,4,169.318356861
0.23,5,204.59517909
0.235,1,47.4724133523
0.235,2,71.9102958661
0.235,3,98.2052431052
0.235,4,170.596127401
0.235,5,205.875223284
0.24,1,48.8189697649
0.24,2,73.2389476621
0.24,3,99.5470316186
0.24,4,171.901290187
0.24,5,207.18280864
0.245,1,50.1938637528
0.245,2,74.5955448808
0.245,3,100.917051918
0.245,4,173.23383959
0.245,5,208.517936041
0.25,1,51.5970945816
0.25,2,75.980085853
0.25,3,102.315302924
0.25,4,174.593769855
0.25,5,209.880606393
0.255,1,53.0286614971
0.255,2,77.3925688725
0.255,3,103.74178353
0.255,4,175.981075099
0.255,5,211.270820624
0.26,1,54.4885637239
0.26,2,78.8329921949
0.26,3,105.196492603
0.26,4,177.395749308
0.26,5,212.688579682
0.265,1,55.9768004659
0.265,2,80.3013540378
0.265,3,106.679428979
0.265,4,178.837786341
0.265,5,214.133884538
0.27,1,57.4933709052
0.27,2,81.7976525809
0.27,3,108.190591465
0.27,4,180.307179927
0.27,5,215.606736185
0.275,1,59.0382742024
0.275,2,83.3218859653
0.275,3,109.729978838
0.275,4,181.803923666
0.275,5,217.107135636
0.28,1,60.6115094955
0.28,2,84.8740522936
0.28,3,111.297589846
0.28,4,183.328011024
0.28,5,218.635083928
0.285,1,62.2130759001
0.285,2,86.4541496297
0.285,3,112.893423206
0.285,4,184.87943534
0.285,5,220.190582117
0.29,1,63.8429725085
0.29,2,88.0621759986
0.29,3,114.517477604
0.29,4,186.458189819
0.29,5,221.773631285
0.295,1,65.5011983893
0.295,2,89.6981293859
0.295,3,116.169751695
0.295,4,188.064267534
0.295,5,223.384232533
0.3,1,67.1877525875
0.3,2,91.3620077382
0.3,3,117.850244101
0.3,4,189.697661429
0.3,5,225.022386983
0.305,1,68.902634123
0.305,2,93.0538089624
0.305,3,119.558953411
0.305,4,191.358364311
0.305,5,226.688095782
0.31,1,70.6458419912
0.31,2,94.7735309255
0.31,3,121.295878184
0.31,4,193.046368856
0.31,5,228.381360095
0.315,1,72.4173751616
0.315,2,96.5211714547
0.315,3,123.061016942
0.315,4,194.761667607
0.315,5,230.10218111
0.32,1,74.2172325778
0.32,2,98.2967283372
0.32,3,124.854368175
0.32,4,196.504252972
0.32,5,231.850560039
0.325,1,76.0454131568
0.325,2,100.10019932
0.325,3,126.675930336
0.325,4,198.274117225
0.325,5,233.626498112
0.33,1,77.9019157884
0.33,2,101.931582108
0.33,3,128.525701847
0.33,4,200.071252505
0.33,5,235.429996581
0.335,1,79.7867393346
0.335,2,103.790874368
0.335,3,130.40368109
0.335,4,201.895650818
0.335,5,237.26105672
0.34,1,81.6998826294
0.34,2,105.678073724
0.34,3,132.309866411
0.34,4,203.747304031
0.34,5,239.119679824
0.345,1,83.6413444773
0.345,2,107.593177759
0.345,3,134.244256122
0.345,4,205.626203879
0.345,5,241.005867207
0.35,1,85.6111236536
0.35,2,109.536184015
0.35,3,136.206848494
0.35,4,207.53234196
0.35,5,242.919620206
0.355,1,87.6092189032
0.355,2,111.507089993
0.355,3,138.19764176
0.355,4,209.465709736
0.355,5,244.860940174
0.36,1,89.6356289401
0.36,2,113.505893151
0.36,3,140.216634115
0.36,4,211.426298531
0.36,5,246.829828489
0.365,1,91.6903524467
0.365,2,115.532590906
0.365,3,142.263823713
0.365,4,213.414099534
0.365,5,248.826286545
0.37,1,93.7733880731
0.37,2,117.587180632
0.37,3,144.339208669
0.37,4,215.429103799
0.37,5,250.850315756
0.375,1,95.8847344362
0.375,2,119.669659662
0.375,3,146.442787055
0.375,4,217.471302238
0.375,5,252.901917555
0.38,1,98.0243901191
0.38,2,121.780025286
0.38,3,148.574556901
0.38,4,219.540685632
0.38,5,254.981093393
0.385,1,100.19235367
0.385,2,123.918274749
0.385,3,150.734516195
0.385,4,221.637244621
0.385,5,257.08784474
0.39,1,102.388623603
0.39,2,126.084405258
0.39,3,152.92266288
0.39,4,223.76096971
0.39,5,259.222173082
0.395,1,104.613198393
0.395,2,128.278413972
0.395,3,155.138994855
0.395,4,225.911851264
0.395,5,261.384079922
0.4,1,106.86607648
0.4,2,130.50029801
0.4,3,157.383509975
0.4,4,228.089879513
0.4,5,263.573566779
