q_per_nm,diagonal_F2,transition_F2,normalized_screening,normalized_gaussian_IFR
0,1,3.68895077156e-32,1,1
0.005,0.99973895644,1.93199641561e-08,0.999375390381,0.999493878123
0.01,0.998958670444,3.07614499859e-07,0.997506234414,0.997977048929
0.015,0.99766757049,1.54476201563e-06,0.994406463642,0.995454113961
0.02,0.995879359186,4.82778959973e-06,0.990099009901,0.991932716606
0.025,0.993612520021,1.16200275913e-05,0.984615384615,0.987423503517
0.03,0.99088967265,2.36861153094e-05,0.977995110024,0.981940070985
0.035,0.987736817563,4.30181126212e-05,0.970285021225,0.975498896631
0.04,0.984182516148,7.17583046661e-05,0.961538461538,0.968119256917
0.045,0.980257053506,0.000112124000162,0.951814396193,0.959823131034
0.05,0.975991628881,0.000166338804559,0.941176470588,0.950635091859
0.055,0.971417612843,0.000236573651071,0.929692039512,0.940582184707
0.06,0.966565902028,0.000324899484872,0.917431192661,0.929693794757
0.065,0.961466392314,0.000433252112181,0.904465799887,0.918001504017
0.07,0.956147580808,0.000563408515014,0.890868596882,0.905538938839
0.075,0.950636296886,0.000716973016501,0.876712328767,0.892341608987
0.08,0.944957553618,0.000895371125938,0.862068965517,0.87844673935
0.085,0.939134503866,0.00109984870517,0.847008999471,0.863893095408
0.09,0.933188480489,0.00133147423736,0.831600831601,0.848720803595
0.095,0.927139097577,0.00159114236951,0.815910249873,0.832971167716
0.1,0.921004389347,0.00187957744649,0.8,0.816686482598
0.105,0.914800964888,0.00219733635887,0.78392944635,0.799909846132
0.11,0.908544159996,0.00254481060198,0.767754318618,0.782684970873
0.115,0.902248171281,0.00292222791973,0.751526538281,0.765055996343
0.12,0.895926162173,0.0033296542405,0.735294117647,0.747067303137
0.125,0.88959033486,0.00376699678227,0.719101123596,0.728763329919
0.13,0.883251966252,0.00423400921476,0.702987697715,0.710188394342
0.135,0.876921409598,0.00473029963841,0.686990124517,0.691386518865
0.14,0.870608066154,0.00525534190787,0.671140939597,0.672401262397
0.145,0.864320333358,0.00580849053242,0.655469070053,0.653275558633
0.15,0.858065537338,0.00638899906764,0.64,0.634051561858
0.155,0.85184985833,0.00699604160989,0.624755954705,0.614770500955
0.16,0.845678257767,0.00762873674548,0.609756097561,0.595472542239
0.165,0.83955441557,0.00828617311099,0.595016734846,0.576196661698
0.17,0.833480685512,0.00896743559853,0.580551523948,0.556980527094
0.175,0.827458075499,0.00967163119253,0.566371681416,0.537860390343
0.18,0.821486258244,0.0103979134459,0.552486187845,0.518870990465
0.185,0.815563616104,0.0111455046842,0.538901987201,0.500045467347
0.19,0.809687321855,0.0119137151542,0.525624178712,0.481415286442
0.195,0.803853454988,0.0127019584925,0.512656199936,0.463010174489
0.2,0.798057150799,0.0135097630749,0.5,0.444858066223
0.205,0.792292777296,0.0143367790006,0.487656202377,0.426985061988
0.21,0.786554132953,0.0151827806599,0.475624256837,0.409415396086
0.215,0.780834656735,0.0160476650286,0.463902580458,0.392171415631
0.22,0.775127640857,0.0169314460093,0.452488687783,0.375273569618
0.225,0.769426436467,0.0178342452967,0.441379310345,0.358740407838
0.23,0.763724642957,0.0187562803748,0.43057050592,0.342588589243
0.235,0.758016272918,0.0196978503447,0.420057757942,0.326832899303
0.24,0.752295886653,0.0206593203274,0.409836065574,0.311486275847
0.245,0.746558692579,0.021641105178,0.399900024994,0.296559842865
0.25,0.740800612447,0.0226436531919,0.390243902439,0.282062951694
0.255,0.735018312881,0.0236674303689,0.380861699595,0.26800322901
0.26,0.729209206949,0.0247129056531,0.371747211896,0.254386630999
0.265,0.723371431227,0.0257805373919,0.36289408029,0.241217503103
0.27,0.717503804773,0.0268707610757,0.354295837024,0.22849864469
0.275,0.711605776757,0.0279839782608,0.345945945946,0.216231378037
0.28,0.705677369008,0.0291205464544,0.337837837838,0.204415620978
0.285,0.699719118724,0.0302807696667,0.329964941225,0.193049962601
0.29,0.693732025141,0.0314648893301,0.322320709106,0.182131741385
0.295,0.687717502376,0.0326730753245,0.314898642,0.171657125181
0.3,0.681677339055,0.0339054169415,0.307692307692,0.161621192465
0.305,0.675613664062,0.0351619137327,0.300695358015,0.152018014304
0.31,0.669528916827,0.0364424662987,0.293901542983,0.142840736521
0.315,0.663425820119,0.0377468671694,0.287304722571,0.134081661563
0.32,0.657307353327,0.0390747919687,0.280898876404,0.125732329594
0.325,0.651176724613,0.040425791054,0.274678111588,0.117783598407
0.33,0.645037340969,0.0417992817656,0.268636668905,0.110225721727
0.335,0.638892775909,0.0431945413247,0.262768927574,0.103048425578
0.34,0.632746735229,0.044610700314,0.25706940874,0.0962409823571
0.345,0.626603021695,0.0460467365795,0.251532777865,0.0897922823516
0.35,0.620465499685,0.0475014693503,0.246153846154,0.0836909024289
0.355,0.61433806071,0.0489735533987,0.240927571149,0.0779251716946
0.36,0.608224590303,0.0504614731816,0.235849056604,0.0724832339302
0.365,0.602128936233,0.0519635371087,0.230913551739,0.0673531066662
0.37,0.596054877404,0.0534778723651,0.226116449972,0.0625227367747
0.375,0.590006092284,0.0550024210329,0.221453287197,0.0579800525003
0.38,0.583986125467,0.0565349385682,0.216919739696,0.0537130118762
0.385,0.577998351015,0.0580729959372,0.212511621729,0.0497096475015
0.39,0.572045931621,0.0596139868486,0.208224882874,0.045958107682
0.395,0.566131773331,0.0611551414839,0.204055605152,0.0424466939625
0.4,0.560258476534,0.062693547904,0.2,0.039163895099
0.405,0.554428284916,0.0642261818885,0.196054405097,0.0360984175422
0.41,0.548643035085,0.0657499453622,0.192215281115,0.0332392125203
0.415,0.542904110281,0.0672617128376,0.188479208387,0.0305754998261
0.42,0.537212402031,0.0687583845123,0.184842883549,0.0280967884278
0.425,0.531568283537,0.0702369439029,0.181303116147,0.0257928940348
0.43,0.525971598122,0.0716945172545,0.177856825256,0.0236539537601
0.435,0.520421665129,0.0731284315245,0.1745010361,0.0216704380295
0.44,0.51491730444,0.0745362675653,0.171232876712,0.0198331598935
0.445,0.509456879381,0.0759159052594,0.168049574625,0.0181332819034
0.45,0.504038356304,0.0772655577958,0.164948453608,0.0165623207158
0.455,0.498659377887,0.0785837929795,0.161926930473,0.0151121495911
0.46,0.493317346162,0.079869540382,0.158982511924,0.0137749989523
0.465,0.488009510676,0.0811220841644,0.156112791492,0.0125434551679
0.47,0.482733056995,0.0823410424449,0.153315446531,0.0114104577226
0.475,0.47748519105,0.0835263350239,0.150588235294,0.0103692949339
0.48,0.472263215417,0.0846781420391,0.147928994083,0.0094135983697
0.485,0.467064594577,0.0857968566185,0.145335634481,0.00853733611645
0.49,0.461887007255,0.0868830348069,0.142806140664,0.00773480504145
0.495,0.456728385069,0.0879373459372,0.140338566792,0.00700062218714
0.5,0.45158693775,0.0889605262471,0.137931034483,0.00632971542749
0.505,0.446461166066,0.0899533379441,0.135581730362,0.00571731351001
0.51,0.441349864212,0.0909165351833,0.133288903699,0.00515893559916
0.515,0.436252113811,0.0918508376139,0.131050864117,0.00465038042919
0.52,0.431167271785,0.0927569113738,0.128865979381,0.00418771516694
0.525,0.426094954311,0.0936353567211,0.126732673267,0.00376726407698
0.53,0.421035018777,0.0944867009645,0.124649423496,0.00338559707396
0.535,0.415987545377,0.0953113950157,0.122614759752,0.00303951823941
0.54,0.410952819515,0.0961098117597,0.120627261761,0.00272605437254
0.545,0.405931315869,0.0968822445115,0.118685557451,0.00244244363764
0.55,0.400923684512,0.0976289040795,0.116788321168,0.00218612436339
0.555,0.395930739213,0.0983499133461,0.114934271963,0.00195472404297
0.56,0.390953447687,0.0990452987586,0.113122171946,0.00174604857713
0.565,0.38599292333,0.099714978647,0.111350824692,0.00155807179668
0.57,0.38105041772,0.100358748806,0.109619073719,0.00138892529494
0.575,0.37612731297,0.10097626625,0.107925801012,0.00123688859532
0.58,0.371225112855,0.101567032435,0.106269925611,0.0011003796746
0.585,0.366345431562,0.102130377528,0.10465040225,0.000977945857394
0.59,0.3614899789,0.102665447458,0.103066220046,0.000868255093465
0.595,0.356660540924,0.103171195487,0.101516401244,0.000770087625685
0.6,0.35185895521,0.103646379937,0.1,0.000682328052756
0.605,0.347087080396,0.104089569454,0.0985161012253,0.000603957787933
0.61,0.342346760132,0.10449915679,0.0970638194613,0.000534047912097
0.615,0.337639782203,0.104873381618,0.0956422978062,0.000471752417119
0.62,0.332967834226,0.105210362339,0.0942507068803,0.000416301833291
0.625,0.328332457916,0.105508136197,0.0928882438316,0.000366997232797
0.63,0.323735004405,0.105764706435,0.0915541313802,0.000323204599594
0.635,0.319176593374,0.105978094608,0.0902476168989,0.000284349554768
0.64,0.314658078785,0.106146395726,0.0889679715302,0.000249912425368
0.645,0.310180023788,0.106267833499,0.0877144893372,0.000219423643845
0.65,0.305742686819,0.106340812834,0.0864864864865,0.000192459464584
0.655,0.301346020201,0.106363966749,0.0852833004637,0.000168637983518
0.66,0.296989681624,0.106336195136,0.0841042893188,0.000147615446528
0.665,0.292673057906,0.10625669332,0.0829488309399,0.000129082832147
0.67,0.288395299497,0.10612496898,0.0818163223563,0.000112762694062
0.675,0.284155363376,0.105940846841,0.0807061790668,9.84062489828e-05
0.68,0.279952061422,0.10570446138,0.0796178343949,8.57906956207e-05
0.685,0.275784111026,0.105416238635,0.0785507388679,7.47167508e-05
0.69,0.271650184754,0.105076868967,0.0775043596202,6.50063890384e-05
0.695,0.267548956167,0.104687273167,0.0764781798193,5.65007723496e-05
0.7,0.26347913949,0.104248564671,0.0754716981132,4.90583574562e-05
0.705,0.259439521565,0.103762010731,0.0744844280993,4.25531680907e-05
0.71,0.255428985368,0.103228995219,0.0735158978129,3.68732205773e-05
0.715,0.251446525198,0.102650985332,0.0725656492358,3.19190914223e-05
0.72,0.24749125435,0.102029503892,0.0716332378223,2.76026161966e-05
0.725,0.24356240668,0.101366108218,0.0707182320442,2.38457095475e-05
0.73,0.239659333743,0.100662375829,0.0698202129516,2.05792967432e-05
0.735,0.235781499341,0.0999198965196,0.0689387737516,1.77423477087e-05
0.74,0.231928473164,0.0991402697957,0.068073519401,1.52810050632e-05
0.745,0.228099924936,0.0983251062316,0.0672240662157,1.31477982082e-05
0.75,0.224295620062,0.097476031121,0.0663900414938,1.13009360431e-05
0.755,0.220515417341,0.0965946887835,0.0655710831523,9.70367139244e-06
0.76,0.216759268841,0.0956827460763,0.0647668393782,8.32373071824e-06
0.765,0.213027221707,0.0947418939958,0.0639769682914,7.13280316522e-06
0.77,0.209319421375,0.0937738466701,0.0632011376205,6.10608343083e-06
0.775,0.205636115536,0.0927803374865,0.0624390243902,5.22186338219e-06
0.78,0.201977658151,0.091763112509,0.0616903146206,4.46116774486e-06
0.785,0.198344512835,0.0907239216622,0.0609547030363,3.80742957019e-06
0.79,0.19473725507,0.0896645083617,0.0602318927872,3.24620154673e-06
0.795,0.191156572758,0.088586598342,0.0595215951788,2.76489955764e-06
0.8,0.187603264772,0.0874918883793,0.0588235294118,2.35257520001e-06
0.805,0.1840782372,0.0863820354563,0.058137422332,1.99971427522e-06
0.81,0.180582497036,0.0852586467024,0.0574630081885,1.6980585312e-06
0.815,0.177117143069,0.0841232702169,0.0568000284,1.44044818964e-06
0.82,0.173683353741,0.0829773866869,0.0561482313307,1.22068302417e-06
0.825,0.170282371786,0.0818224015793,0.0555073720729,1.03339997013e-06
0.83,0.166915485522,0.08065963764,0.0548772122376,8.73965443851e-07
0.835,0.163584006854,0.0794903274854,0.0542575197531,7.38380730786e-07
0.84,0.160289246213,0.078315606198,0.0536480686695,6.23198966978e-07
0.845,0.15703248497,0.0771365040298,0.0530486389709,5.25452390086e-07
0.85,0.153814946145,0.0759539395249,0.0524590163934,4.42588673714e-07
0.855,0.150637764549,0.0747687135672,0.0518789922506,3.72415284184e-07
0.86,0.147501957715,0.0735815049998,0.0513083632632,3.13050912465e-07
0.865,0.14440839917,0.0723928685195,0.0507469313965,2.62883136876e-07
0.87,0.141357795599,0.0712032355114,0.0501945037018,2.20531565083e-07
0.875,0.138350669334,0.0700129183508,0.0496508921645,1.8481578772e-07
0.88,0.135387347338,0.0688221184758,0.049115913556,1.54727551331e-07
0.885,0.132467957442,0.0676309382491,0.0485893892921,1.29406626081e-07
0.89,0.129592432081,0.066439396325,0.048071145295,1.08119904372e-07
0.895,0.126760519248,0.0652474459386,0.0475610118605,9.02433208206e-08
0.9,0.123971799837,0.0640549952927,0.0470588235294,7.52462325764e-08
0.905,0.121225710103,0.0628619290513,0.0465644189634,6.26779422154e-08
0.91,0.118521567616,0.0616681298807,0.0460776408248,5.21560839392e-08
0.915,0.115858598959,0.0604734990125,0.0455983356607,4.33566280159e-08
0.92,0.113235967369,0.0592779749369,0.0451263537906,3.60052887341e-08
0.925,0.110652798757,0.0580815495434,0.0446615491975,2.98701479978e-08
0.93,0.108108204835,0.0568842812896,0.0442037794231,2.47553304352e-08
0.935,0.105601302504,0.0556863052606,0.0437529054664,2.04955868415e-08
0.94,0.103131229146,0.0544878402557,0.0433087916847,1.69516612343e-08
0.945,0.100697153904,0.0532891932711,0.0428713056992,1.40063330346e-08
0.95,0.0982982854443,0.0520907619202,0.0424403183024,1.15610401428e-08
0.955,0.0959338770016,0.0508930354314,0.0420157033691,9.53300117671e-09
0.96,0.0936032296521,0.0496965948834,0.0415973377704,7.85276608267e-09
0.965,0.0913056948228,0.0485021132822,0.0411851012896,6.46213389108e-09
0.97,0.0890406769432,0.047310355969,0.040778876542,5.31238473432e-09
0.975,0.0868076369637,0.0461221816798,0.0403785488959,4.36278051523e-09
0.98,0.0846060972186,0.0449385443829,0.0399840063974,3.57929494023e-09
0.985,0.0824356478272,0.043760495814,0.0395951396966,2.933539126e-09
0.99,0.0802959545621,0.0425891884211,0.0392118419763,2.40185375457e-09
0.995,0.0781867678762,0.0414258782482,0.0388340088833,1.96454287947e-09
1,0.0761079325976,0.040271927131,0.0384615384615,1.60522805519e-09
1.005,0.0740593976847,0.0391288034596,0.0380943310874,1.31030454454e-09
1.01,0.0720412253695,0.0379980807002,0.0377322894067,1.06848401661e-09
1.015,0.0700535990112,0.0368814328533,0.0373753182742,8.70410436008e-10
1.02,0.0680968290031,0.0357806260776,0.0370233246946,7.08337812308e-10
1.025,0.0661713561301,0.0346975058282,0.036676217765,5.7586016719e-10
1.03,0.0642777518372,0.0336339790365,0.0363339086202,4.67685525469e-10
1.035,0.0624167149389,0.0325919911126,0.0359963103782,3.79446975825e-10
1.04,0.0605890643847,0.0315734978476,0.0356633380884,3.07544907098e-10
1.045,0.0587957277889,0.0305804326382,0.0353349086813,2.49015430875e-10
1.05,0.0570377255515,0.0296146698138,0.035010940919,2.0142077259e-10
1.055,0.0553161505481,0.0286779851952,0.0346913553479,1.62758070133e-10
1.06,0.0536321435517,0.0277720153268,0.0343760742523,1.31383577324e-10
1.065,0.0519868647763,0.0268982170678,0.03406502161,1.0594974373e-10
1.07,0.050381462186,0.0260578293794,0.0337581230484,8.53530442061e-11
1.075,0.0488170374914,0.0252518391818,0.0334553058024,6.86907719221e-11
1.08,0.0472946110218,0.0244809530725,0.0331564986737,5.52252963725e-11
1.085,0.0458150869016,0.0237455764895,0.0328616319908,4.4354530902e-11
1.09,0.0443792201337,0.0230458015781,0.0325706375702,3.55875591936e-11
1.095,0.0429875872716,0.0223814046059,0.0322834486794,2.85245427531e-11
1.1,0.0416405623236,0.0217518532742,0.032,2.28401765799e-11
1.105,0.0403382993501,0.0211563237464,0.0317202275926,1.82700821337e-11
1.11,0.0390807228962,0.0205937266656,0.0314440688625,1.4599628978e-11
1.115,0.0378675269437,0.0200627409228,0.0311714625261,1.1654762164e-11
1.12,0.0366981825147,0.0195618534753,0.0309023485785,9.29448409307e-12
1.125,0.0355719534434,0.0190894031559,0.0306366682623,7.40469949793e-12
1.13,0.0344879192204,0.0186436261731,0.0303743640368,5.89318215587e-12
1.135,0.0334450032669,0.0182227009131,0.0301153795479,4.6854636048e-12
1.14,0.0324420045743,0.0178247897279,0.0298596595999,3.72147879909e-12
1.145,0.0314776304026,0.0174480756347,0.0296071501268,2.95283246088e-12
1.15,0.0305505277011,0.0170907922438,0.0293577981651,2.34057380689e-12
1.155,0.0296593111063,0.0167512457623,0.0291115518277,1.85338716665e-12
1.16,0.0288025857696,0.0164278285257,0.0288683602771,1.46612243438e-12
1.165,0.0279789638273,0.0161190241663,0.0286281737014,1.15860288057e-12
1.17,0.0271870739911,0.01582340515,0.0283909432891,9.14659070147e-13
1.175,0.0264255644274,0.0155396239695,0.0281566212055,7.2134688992e-13
1.18,0.0256930997466,0.0152663997098,0.0279251605697,5.68315313963e-13
1.185,0.0249883534562,0.0150025019699,0.0276965154322,4.47295810819e-13
1.19,0.0243099976055,0.0147467342151,0.0274706407527,3.51690453385e-13
1.195,0.0236566915293,0.0144979185468,0.0272474923792,2.76240025367e-13
1.2,0.0230270715718,0.0142548836273,0.027027027027,2.16756888262e-13
