z_nm,donors_m3,electrons_m3,hartree_meV,total_band_meV
0.15421875,0,1.82899390984e+21,-0.0237871787431,207.434546155
0.46265625,0,2.32687859409e+21,0.0550453641397,206.930045364
0.77109375,0,2.98493210532e+21,0.133567393851,206.425234061
1.07953125,0,3.84719016566e+21,0.211691095633,205.920024429
1.38796875,0,4.97133450413e+21,0.289301404399,205.414301404
1.69640625,0,6.43332909019e+21,0.366248307327,204.907914974
2.00484375,0,8.33388828176e+21,0.442336706756,204.40067004
2.31328125,0,1.08074939927e+22,0.517312980229,203.89231298
2.62171875,0,1.40349976652e+22,0.590847034396,203.382513701
2.93015625,0,1.82612973244e+22,0.662508171065,202.870841504
3.23859375,0,2.38202326354e+22,0.73173240649,202.356732406
3.54703125,0,3.02461897083e+22,0.797777921721,-5.91055541161
3.85546875,0,3.51505448387e+22,0.859787197026,-6.43187946964
4.16390625,0,3.9019688652e+22,0.917105764713,-6.95789423529
4.47234375,0,4.1637625101e+22,0.969217302135,-7.4891160312
4.78078125,0,4.29164164331e+22,1.01577245555,-8.02589421112
5.08921875,0,4.28989003235e+22,1.05660057507,-8.56839942493
5.39765625,0,4.17479739401e+22,1.09170399816,-9.11662933517
5.70609375,0,3.9723816635e+22,1.12123631161,-9.67043035505
6.01453125,0,3.71516784152e+22,1.14546763157,-10.2295323684
6.32296875,0,3.43838266034e+22,1.16474120018,-10.7935921331
6.63140625,0,3.17598166451e+22,1.17942637684,-11.3622402898
6.93984375,0,2.95693759341e+22,1.18987332576,-11.9351266742
7.24828125,0,2.80218516599e+22,1.196374353,-12.5119589803
7.55671875,0,2.72254145546e+22,1.19913596983,-13.0925306968
7.86515625,0,2.71781147912e+22,1.1982644578,-13.6767355422
8.17359375,0,2.77715747788e+22,1.19376612886,-14.2645672045
8.48203125,0,2.8806719465e+22,1.18556178802,-14.8561048786
8.79046875,0,3.00196383088e+22,1.17351329913,-15.4514867009
9.09890625,0,3.11145853142e+22,1.15745880274,-16.0508745306
9.40734375,0,3.18003708743e+22,1.13725218232,-16.6544144844
9.71578125,0,3.18260610557e+22,1.11280192235,-17.2621980777
10.02421875,0,3.1012010201e+22,1.08410459458,-17.8742287388
10.33265625,0,2.92727962683e+22,1.05126883103,-18.4903978356
10.64109375,0,2.66295429553e+22,1.01452672324,-19.1104732768
10.94953125,0,2.32102961618e+22,0.974231003394,-19.7341023299
11.25796875,0,1.86658900166e+22,0.930837957074,187.38917129
11.56640625,0,1.48527589784e+22,0.884954018139,186.759954018
11.87484375,0,1.21292166227e+22,0.837088034545,186.128754701
12.18328125,0,1.02999767481e+22,0.787603452745,185.495936786
12.49171875,0,9.25178940833e+21,0.7367443779,184.861744378
12.80015625,0,8.94182705424e+21,0.684650686657,184.226317353
13.10859375,0,9.394693563e+21,0.631363742323,183.589697076
13.41703125,0,1.05288455247e+22,0.576823111571,-24.7981768884
13.72546875,0,1.14538723253e+22,0.520877446098,-25.4374558872
14.03390625,0,1.22753070243e+22,0.463403304569,-26.0782633621
14.34234375,0,1.29732775313e+22,0.404291069621,-26.7207089304
14.65078125,0,1.3533374715e+22,0.343447599723,-27.3648857336
14.95921875,0,1.39458995486e+22,0.280798152017,-28.0108685146
15.26765625,0,1.42053605819e+22,0.216287676622,-28.6587123234
15.57609375,0,1.43102974397e+22,0.149881549441,-29.3084517839
15.88453125,0,1.4263416967e+22,0.0815657670467,-29.9601008996
16.19296875,0,1.40719475782e+22,0.0113465854604,-30.6136534145
16.50140625,0,1.37480561547e+22,-0.0607504444497,-31.2690837778
16.80984375,0,1.33091392446e+22,-0.134682100595,-31.9263487673
17.11828125,0,1.27778009082e+22,-0.210389811169,-32.5853898112
17.42671875,0,1.21813632336e+22,-0.287802671076,-33.2461360044
17.73515625,0,1.1550817607e+22,-0.366841087957,-33.9085077546
18.04359375,0,1.09192066291e+22,-0.447420917877,-34.5724209179
18.35203125,0,1.03195166999e+22,-0.529457874734,-35.2377912081
18.66046875,0,9.78224704877e+21,-0.612871932169,-35.9045385988
18.96890625,0,9.33289002873e+21,-0.697591393572,-36.5725913936
19.27734375,0,8.98959944752e+21,-0.783556293946,-37.2418896273
19.58578125,0,8.76133153462e+21,-0.870720822456,-37.9123874891
19.89421875,0,8.64671406327e+21,-0.959054517612,-38.5840545176
20.20265625,0,8.63383507699e+21,-1.04854208414,-39.2568754175
20.51109375,0,8.70105005924e+21,-1.1391818034,-39.9308484701
20.81953125,0,8.81879549543e+21,-1.23098264496,-40.605982645
21.12796875,0,8.95228049159e+21,-1.32396032152,-41.2822936549
21.43640625,0,9.06482040913e+21,-1.41813264614,-41.9597993128
21.74484375,1.6210739615e+23,9.12149073368e+21,-1.51351463685,-42.6385146368
22.05328125,1.6210739615e+23,9.09272678054e+21,-1.58848123556,-43.2968145689
22.36171875,1.6210739615e+23,8.95748289164e+21,-1.64302860382,-43.9346952705
22.67015625,1.6210739615e+23,8.70559644649e+21,-1.67713869385,-44.5521386939
22.97859375,1.6210739615e+23,8.33907518781e+21,-1.69077789236,-45.1491112257
23.28703125,1.6210739615e+23,7.8721340352e+21,-1.68389728846,-45.7255639551
23.59546875,1.6210739615e+23,7.32993851476e+21,-1.65643457061,-46.2814345706
23.90390625,1.6210739615e+23,6.74615197807e+21,-1.60831738488,-46.8166507182
24.21234375,1.6210739615e+23,6.15951733211e+21,-1.53946782715,-47.3311344938
24.52078125,0,5.60981583752e+21,-1.44980761324,-47.8248076132
24.82921875,0,5.13362256158e+21,-1.36089600809,-48.3192293414
25.13765625,0,4.76031085504e+21,-1.2726694655,-48.8143361322
25.44609375,0,4.5087421084e+21,-1.18507816845,-49.3100781684
25.75453125,0,4.38501277717e+21,-1.09808854602,-49.8064218794
26.06296875,0,4.38152438355e+21,-1.011684087,-50.3033507537
26.37140625,0,4.47750482627e+21,-0.92586432589,-50.8008643259
26.67984375,0,4.64095540602e+21,-0.840642070907,-51.2989754042
26.98828125,0,4.83184409996e+21,-0.756039133916,-51.7977058006
27.29671875,0,5.00622861602e+21,-0.672080988294,-52.2970809883
27.60515625,0,5.12088781159e+21,-0.588790904998,-52.7971242383
27.91359375,0,5.13797901612e+21,-0.506184184863,-53.2978508515
28.22203125,0,5.02922881925e+21,-0.424263108647,-53.7992631086
28.53046875,0,4.77920762986e+21,-0.343013164046,-54.3013464974
28.83890625,0,4.38732969341e+21,-0.262400986677,-54.8040676533
29.14734375,0,3.86835086218e+21,-0.182374281905,-55.3073742819
29.45578125,0,3.25129249846e+21,-0.102863793964,-55.8111971273
