Nz_per_period,periods,central_state,centre_nm,spread_nm,tail_weight,subspace_residual,spectral_error_meV
48,5,1,5.06617397874,3.23381673138,0.0161042752672,2.42088385325e-14,5.10702591328e-13
48,5,2,9.57987937121,3.48957071796,0.0116349991943,2.42088385325e-14,5.10702591328e-13
48,5,3,16.1154803309,2.92349681052,0.00501722446325,2.42088385325e-14,5.10702591328e-13
48,5,4,21.4753827762,3.05407788581,0.0123043151326,2.42088385325e-14,5.10702591328e-13
48,5,5,26.8146499291,2.73437124356,0.0670071507451,2.42088385325e-14,5.10702591328e-13
96,5,1,5.24871569885,3.23284273007,0.0151950729656,8.93150729126e-14,8.65973959208e-13
96,5,2,9.63693032926,3.45506306094,0.0116168324511,8.93150729126e-14,8.65973959208e-13
96,5,3,16.3065860557,2.83932792617,0.0049464876089,8.93150729126e-14,8.65973959208e-13
96,5,4,21.6058974373,2.98921644153,0.0130017386871,8.93150729126e-14,8.65973959208e-13
96,5,5,26.8839978375,2.68056438523,0.0730664713546,8.93150729126e-14,8.65973959208e-13
192,5,1,5.20933496656,3.15202004284,0.0138621865094,1.76978510142e-13,1.10578213253e-11
192,5,2,9.72004981523,3.39676369075,0.0103047679285,1.76978510142e-13,1.10578213253e-11
192,5,3,16.2345405114,2.88943296035,0.00506785436567,1.76978510142e-13,1.10578213253e-11
192,5,4,21.5610032731,3.02199999979,0.0130492252236,1.76978510142e-13,1.10578213253e-11
192,5,5,26.8641709443,2.70034008478,0.0728956370711,1.76978510142e-13,1.10578213253e-11
96,3,1,5.24073944072,3.14550886359,0.0147350249589,8.33656516116e-14,7.1054273576e-13
96,3,2,9.62586964706,3.34990191962,0.0110796985918,8.33656516116e-14,7.1054273576e-13
96,3,3,16.2863380795,2.79401672275,0.00478789781222,8.33656516116e-14,7.1054273576e-13
96,3,4,21.5719762437,2.94205652238,0.0126017831536,8.33656516116e-14,7.1054273576e-13
96,3,5,26.8432257575,2.64487020687,0.0699521373956,8.33656516116e-14,7.1054273576e-13
96,7,1,5.24942003585,3.24314026141,0.0152257654337,9.6396934852e-14,3.99680288865e-13
96,7,2,9.63787654209,3.46739202833,0.0116578114562,9.6396934852e-14,3.99680288865e-13
96,7,3,16.3079261636,2.84485284405,0.00496128460454,9.6396934852e-14,3.99680288865e-13
96,7,4,21.6080572238,2.99535847353,0.0130339223242,9.6396934852e-14,3.99680288865e-13
96,7,5,26.8864545131,2.68618793268,0.0732618816612,9.6396934852e-14,3.99680288865e-13
