z_nm,Ec_meV,bias_meV,mass_ratio,donors_m3
0.15421875,207.75,-0.291666666667,0.08775,0
0.46265625,207.75,-0.875,0.08775,0
0.77109375,207.75,-1.45833333333,0.08775,0
1.07953125,207.75,-2.04166666667,0.08775,0
1.38796875,207.75,-2.625,0.08775,0
1.69640625,207.75,-3.20833333333,0.08775,0
2.00484375,207.75,-3.79166666667,0.08775,0
2.31328125,207.75,-4.375,0.08775,0
2.62171875,207.75,-4.95833333333,0.08775,0
2.93015625,207.75,-5.54166666667,0.08775,0
3.23859375,207.75,-6.125,0.08775,0
3.54703125,0,-6.70833333333,0.067,0
3.85546875,0,-7.29166666667,0.067,0
4.16390625,0,-7.875,0.067,0
4.47234375,0,-8.45833333333,0.067,0
4.78078125,0,-9.04166666667,0.067,0
5.08921875,0,-9.625,0.067,0
5.39765625,0,-10.2083333333,0.067,0
5.70609375,0,-10.7916666667,0.067,0
6.01453125,0,-11.375,0.067,0
6.32296875,0,-11.9583333333,0.067,0
6.63140625,0,-12.5416666667,0.067,0
6.93984375,0,-13.125,0.067,0
7.24828125,0,-13.7083333333,0.067,0
7.55671875,0,-14.2916666667,0.067,0
7.86515625,0,-14.875,0.067,0
8.17359375,0,-15.4583333333,0.067,0
8.48203125,0,-16.0416666667,0.067,0
8.79046875,0,-16.625,0.067,0
9.09890625,0,-17.2083333333,0.067,0
9.40734375,0,-17.7916666667,0.067,0
9.71578125,0,-18.375,0.067,0
10.02421875,0,-18.9583333333,0.067,0
10.33265625,0,-19.5416666667,0.067,0
10.64109375,0,-20.125,0.067,0
10.94953125,0,-20.7083333333,0.067,0
11.25796875,207.75,-21.2916666667,0.08775,0
11.56640625,207.75,-21.875,0.08775,0
11.87484375,207.75,-22.4583333333,0.08775,0
12.18328125,207.75,-23.0416666667,0.08775,0
12.49171875,207.75,-23.625,0.08775,0
12.80015625,207.75,-24.2083333333,0.08775,0
13.10859375,207.75,-24.7916666667,0.08775,0
13.41703125,0,-25.375,0.067,0
13.72546875,0,-25.9583333333,0.067,0
14.03390625,0,-26.5416666667,0.067,0
14.34234375,0,-27.125,0.067,0
14.65078125,0,-27.7083333333,0.067,0
14.95921875,0,-28.2916666667,0.067,0
15.26765625,0,-28.875,0.067,0
15.57609375,0,-29.4583333333,0.067,0
15.88453125,0,-30.0416666667,0.067,0
16.19296875,0,-30.625,0.067,0
16.50140625,0,-31.2083333333,0.067,0
16.80984375,0,-31.7916666667,0.067,0
17.11828125,0,-32.375,0.067,0
17.42671875,0,-32.9583333333,0.067,0
17.73515625,0,-33.5416666667,0.067,0
18.04359375,0,-34.125,0.067,0
18.35203125,0,-34.7083333333,0.067,0
18.66046875,0,-35.2916666667,0.067,0
18.96890625,0,-35.875,0.067,0
19.27734375,0,-36.4583333333,0.067,0
19.58578125,0,-37.0416666667,0.067,0
19.89421875,0,-37.625,0.067,0
20.20265625,0,-38.2083333333,0.067,0
20.51109375,0,-38.7916666667,0.067,0
20.81953125,0,-39.375,0.067,0
21.12796875,0,-39.9583333333,0.067,0
21.43640625,0,-40.5416666667,0.067,0
21.74484375,0,-41.125,0.067,1.6210739615e+23
22.05328125,0,-41.7083333333,0.067,1.6210739615e+23
22.36171875,0,-42.2916666667,0.067,1.6210739615e+23
22.67015625,0,-42.875,0.067,1.6210739615e+23
22.97859375,0,-43.4583333333,0.067,1.6210739615e+23
23.28703125,0,-44.0416666667,0.067,1.6210739615e+23
23.59546875,0,-44.625,0.067,1.6210739615e+23
23.90390625,0,-45.2083333333,0.067,1.6210739615e+23
24.21234375,0,-45.7916666667,0.067,1.6210739615e+23
24.52078125,0,-46.375,0.067,0
24.82921875,0,-46.9583333333,0.067,0
25.13765625,0,-47.5416666667,0.067,0
25.44609375,0,-48.125,0.067,0
25.75453125,0,-48.7083333333,0.067,0
26.06296875,0,-49.2916666667,0.067,0
26.37140625,0,-49.875,0.067,0
26.67984375,0,-50.4583333333,0.067,0
26.98828125,0,-51.0416666667,0.067,0
27.29671875,0,-51.625,0.067,0
27.60515625,0,-52.2083333333,0.067,0
27.91359375,0,-52.7916666667,0.067,0
28.22203125,0,-53.375,0.067,0
28.53046875,0,-53.9583333333,0.067,0
28.83890625,0,-54.5416666667,0.067,0
29.14734375,0,-55.125,0.067,0
29.45578125,0,-55.7083333333,0.067,0
